positive,Now all @Apple has to do is get swype on the iphone and it will be crack. Iphone that is
positive,@Apple will be adding more carrier support to the iPhone 4S (just announced)
positive,Hilarious @youtube video - guy does a duet with @apple 's Siri. Pretty much sums up the love affair! http://t.co/8ExbnQjY
positive,@RIM you made it too easy for me to switch to @Apple iPhone. See ya!
positive,I just realized that the reason I got into twitter was ios5 thanks @apple
positive,"I'm a current @Blackberry user, little bit disappointed with it! Should I move to @Android or @Apple @iphone"
positive,The 16 strangest things Siri has said so far. I am SOOO glad that @Apple gave Siri a sense of humor! http://t.co/TWAeUDBp via @HappyPlace
positive,Great up close & personal event @Apple tonight in Regent St store!
positive,From which companies do you experience the best customer service aside from @zappos and @apple?
positive,"Just apply for a job at @Apple, hope they call me lol"
positive,Lmao I think @apple is onto something magical! I am DYING!!! haha. Siri suggested where to find whores and where to hide a body lolol
positive,Wow. Great deals on refurbed #iPad (first gen) models. RT: Apple offers great deals on refurbished 1st-gen iPads http://t.co/ukWOKBGd @Apple
positive,"Just registered as an @apple developer... Here's hoping I can actually do it... Any help, greatly appreciated!"
positive,‰Ω†Â•Ω ! Currently learning Mandarin for my upcoming trip to Hong Kong. I gotta hand it to @Apple iPhones & their uber useful flashcard apps  ÓîñÓîì
positive,"Come to the dark side üì±‚Äú@gretcheneclark: Hey @apple, if you send me a free iPhone, I will publicly and ceremoniously burn my #BlackBerry.‚Äù"
positive,"Hey @apple, if you send me a free iPhone (any version will do), I will publicly and ceremoniously burn my #BlackBerry."
positive,Thank you @apple for Find My Mac - just located and wiped my stolen Air. #smallvictory #thievingbastards
positive,"Thanks to @Apple Covent Garden #GeniusBar for replacing my MacBook keyboard/cracked wristpad during my lunch break today, out of warranty."
positive,@DailyDealChat @apple Thanks!!
positive,iPads Replace Bound Playbooks on Some N.F.L. Teams http://t.co/2UXAWKwf @apple @nytimes
positive,@apple @siri is efffing amazing!!
positive,Amazing new @Apple iOs 5 feature.  http://t.co/jatFVfpM
positive,"RT @TripLingo: We're one of a few ""Featured Education Apps"" on the @Apple **Website** today, sweet! http://t.co/0yWvbe1Z"
positive,"We're one of a few ""Featured Education Apps"" on the @Apple **Website** today, sweet! http://t.co/0yWvbe1Z"
positive,"When you want something done right, you do it yourself... or go to @Apple. AT&T you're useless these days. #yourdaysarenumbered

Ô£øÔ£øÔ£ø"
positive,We did an unexpected workshop for the #iPhone4S at @apple yesterday and we got an awesome amount of info #notjustaboutthephone @gamerchik16
positive,---¬ª RT @Apple No question bro. RT @AintEeenTrippin: Should I get dis iPhone or a EVO 3D?
positive,RT @imightbewrong: I'm OVER people bitching about the #iPhone4S... I think it's the smartest phone I've ever had and I'm very happy.   : ...
positive,I'm OVER people bitching about the #iPhone4S... I think it's the smartest phone I've ever had and I'm very happy.   :)  Way to go @Apple!
positive,@Twitter CEO points to @Apple as 'corporate mentor' as @iOS signups triple http://t.co/GCY8iphN
positive,At the bus with my iPhone 
positive,"@azee1v1 @apple @umber AppStore is well done, so is iTunes on the mobile devices.  I was talking about desktop app."
positive,NYTimes: Coach Wants to See You. And Bring Your iPad. http://t.co/J2FTiEnG #iPad @apple set red 42 red 42 hut hut @NFL wish I had an #iPad
positive,@apple @jilive @DanielPink: Apple sells 4 million iPhone 4S units in first weekend ... Steve Jobs brilliance lives on for ever! #iphone #RVA
positive,@bkad5161 than apologize to @apple 
positive,@Apple downloads of iOS 5 are proving popular with users  -- http://t.co/NSHLfiUX
positive,"Lmfao look at the argument I had with Siri !!
@ijustine @apple http://t.co/D4VjL7SI"
positive,Incredible: 4 million iPhone 4Ss in 3 days. 135% better than the iPhone 4 http://t.co/1FMJxTMM @apple #iphone4s
positive,Well @apple fixed my #ios5 battery drain problem with a replacement iPhone 4 -- it's working like a champ now
positive,Currently ordering a BRAND NEW MACBOOK PRO!!! Bahhh... my MacBook is 5 years old. I'll miss it. But it's time. cc: @Apple -
positive,"#Siri now knows who my dad, mom, brother and girlfriend is.  Thanks @apple"
positive,Well at least the @apple store has amazing call waiting music! #need4s
positive,#sweet... #apple replaced my glass #probono. thank you @apple
positive,Not Bad! @Apple Sells Over 4 Million #IPhones in Debut Weekend - Bloomberg http://t.co/AVSl3ygU - #smartphone #sm RT @VinodRad
positive,"loving new technology from @apple iPhone 4s, mac air and iCloud are unreal #technology"
positive,I'm loving this new IOS5 update :) @apple
positive,Another mention for Apple Store: http://t.co/fiIOApKt - RT @floridamike Once again getting great customer service from the @apple store ...
positive,Time to go get my iPhone 4s.  Looking forward to sticking it to the man by no longer paying for most texts.  Thanks @apple.
positive,Thank you @apple. My new gf(iphone4s) is great!  She does everything!
positive,#iCloud set up was flawless and works like a champ! To the Cloud @Apple
positive,@Wisconsin_Mommy @Apple I'd totally email the company... I always get great service at our @Apple store!
positive,@apple loving the new IOS5 upgrade for the iPhone!
positive,The nice @apple tech support guy fixed my iTouch =D
positive,Once again getting great customer service from the @apple store at millenia mall.
positive,Is it just me or is #iOS5 faster for the iPad? @apple
positive,making the switch from @Android to @Apple #iphone #iphone4S #smartphone #stevejobs (@ Apple Store) http://t.co/kj6pJvkH
positive,So THANKFUL for the incredible people @apple for going above and beyond and offering to and replacing my  water-damaged Macbook Pro!!! Wow!
positive,New macbook is too sick @apple
positive,Play on ma man. Loving the camera in the #iphone4s. Well done @apple  #fb http://t.co/tmdFqRe1
positive,So yeah... @apple #iOS5 #readinglists have changed my life. #nowicanspendevenmoretimeonmyphone.
positive,@Apple Safari Reader owns the worldwide web
positive,I love @apple service . My case has cracked 3x and I go in and they hand me a case and I walk out
positive,Said to have laid out the next 4 years @apple.Jobs last iPhone is 2012 not the iPhone4S. iPhone(4G/5) 2012 is magical! http://t.co/DxxklUBp
positive,"Kind of excited. On my way to my last class right now and then going to the @Apple store, so buy #MacOSC Snow Leopard and Lion :-)"
positive,i used to be with @blackberry over 4-5yrs .. after all the disruptions and lost gigs thx to their service im moving to @apple #iphone
positive,"Apple sells 4 million iPhones in 3 days @apple keep doing what you are doing, because you are doing it well! http://t.co/ZZc6bE0w"
positive,Yessss! I'm lovin the iPhone update especially the slide down bar at top of screen =) good job @Apple.
positive,"4 millions in a weekend, 16 #iPhone4S per second. This is madness?! no, this is @Apple !!!"
positive,.@apple you got me. I'm now invested. MacBook Pro next year. Time to get on selling more of my #android gear
positive,@iancollinsuk @apple I like what you did there...!
positive,I just sent my grandma a post card using my #CardsApp thanks @Apple
positive,"@KostaTsetsekas @apple Putting it in the wash is kind of the equivalent to ""Will it blend?"" Glad to hear it's still alive."
positive,"God Bless @YouTube, @apple for  #appletv & our bad ass system. LOVING #PrincessOfChina. GB to @coldplay & @rihanna too :)"
positive,Been off twitter for a few days as I smashed my iPhone but @apple were very nice and gave me a new one :)
positive,Thank you @Apple iOS 5 for email pop up on the lock screen and opening it when unlocking.
positive,One word - #wow. RT @jldavid iPhone 4S First Weekend Sales Top Four Million: http://t.co/Zx5Pw0GT (via @apple)
positive,RT @MN2NOVA: Love ios5 Easter eggs. Pull down from middle top to bottom and see what pulls down. Awesome little feature! #ios5 @apple
positive,Love ios5 Easter eggs. Pull down from middle top to bottom and see what pulls down. Awesome little feature! #ios5 @apple
positive,Love #ios5 Easter eggs. Pull down from middle top to bottom and see what pulls down. Awesome little feature! @apple #lovemyiphone
positive,"Gone for a run, beautiful morning , man do I love iOS 5 @apple, #iPhone"
positive,@apple your simply the best.
positive,I must admit @apple has made me a very happy camper! I have text tones now! Lol! Ring tone: #MakeMeProud Drakes vers! Text tone: Nicki's
positive,"Day305, I'm thankful for the great customer service received today from @Apple via phone CS, new phone on the way #365daysofgratefulness"
positive,S/O to @apple for replacing my phone for freeÓÄé
positive,Loving the new iPod update @apple
positive,@alexlindsay My wife upgraded her iPhone 4. I think Siri alone is worth the upgrade. Looking forward to @Apple continuing to enhance Siri.
positive,RT @tomkeene Thx @instagram Thx @apple #hypo #D-76 #tri-x http://t.co/BPPJwncp
positive,@SteveJobs being honored tonite @Apple...A truly great loss to the world.He will so be missed
positive,Thx @instagram Thx @apple #hypo #D-76 #tri-x http://t.co/D7EeJHBT
positive,Loving my new #iPhone4S thanks @apple for #ios5
positive,i love this. so much. thank you @apple.  http://t.co/Ui8lOEzX
positive,@apple the iPhone 4s is great #genius
positive,@apple Cards app notifies me the card I sent has arrived at local post office and should be delivered today... Sunday. Truly is #magic.
positive,@apple Siri is amazing
positive,@rygurl you need an @apple iphone4S with Siri!
positive,"Meet #Siri, your new iPhone butler. Click the link and be amazed by all it can do: http://t.co/lvfFdCEL @Apple"
positive,"So, I am using my work PC (NEVER EVER) to get a feel for it; it has the worst speakers ever!! @apple you have spoiled me!! #imamac"
positive,I ‚ô• @Apple http://t.co/a8on3IAa
positive,@apple just got the new iOS5 upgrade with iMessage...good luck surviving now @BlackBerry
positive,Loving #iOS5 !! #awesome @Apple
positive,"RT @MattyRiesz: @kathrynyee You were right, an iPhone is a must have. #addicted {WELCOME TO THE @APPLE CLUB}"
positive,Thank you @apple for your innovations. Exhibit A: Guy playing with Facetime instead of watching game at sports bar. http://t.co/oU7K39ge
positive,@blackberry boo hiss!............@apple wuhu!!!!!!!! When will my berry powered technology actually work??
positive,@apple by far the best iPod and first time iPhone ever.... Good job guys
positive,@Apple's Siri is witchcraft.  What's next @googleresearch. 2 yr lead lost?
positive,"@Apple iOS 5 is sweet! Notifications, phone search covers mail now, wifi sync, iCloud backup and integrated Twitter are all well done."
positive,RT @katebetts: Another great James Stewart story in today's NY Times about importance of architecture in @apple retail success http://t. ...
positive,Another great James Stewart story in today's NY Times about importance of architecture in @apple retail success http://t.co/Kniz452s
positive,I &lt
positive,Welcome to the twitter world @MarkStuver. This is due to #iOS5 and @apple thanks guys.
positive,Impressive service @apple genius bar metro centre. Power cable replaced free n booked in for screen replacement for free :- D
positive,RT @deb_lavoy: the nice guy at the @apple store replaced my phone gratis when I showed him the hairline  crack on the screen. thanks @apple
positive,the nice guy at the @apple store replaced my phone gratis when I showed him the hairline  crack on the screen. thanks @apple
positive,"My iPhone 4S battery lasted longer than a day. That hasn't happened since my edge iPhone. Nice job, @apple."
positive,It would have taken me 15 mins to write this with my #Blackberry. Thank u @Apple 4s for converting me and showing me the grass is greener!
positive,RT @herahussain: @RickySinghPT got a new backside for my eye phone! V impressed with @apple
positive,@RickySinghPT got a new backside for my eye phone! V impressed with @apple
positive,#iPhone 4S in Space http://t.co/jINNHVwz this is amazing #creative @apple your products inspire people to do unbelievable things
positive,Thank you @apple for making my iPad 2 feel like new again with your new iOS 5!
positive,"_ibertaddigital.tv/ iPad a briliant SteveJobs produck ,http://t.co/00ohfLY6
@Apple present... http://t.co/DBbWSDpx"
positive,Using my awsome iPad... I love it. I love my MacBook too and my iPod. It's all amazing! I love @apple
positive,@apple iOS 5 upgrade done ...... Much better feature..... Few more feature required
positive,New iOS 5 update is THE BEST. iloveyou @apple
positive,"Finally got my iPhone 4S, thanks @Apple. Stupid @att. Learned my lesson."
positive,"I absolutely love my iPhone 4S. Thank you, Steve and @apple."
positive,@apple - you have invented a product that actually gets my brother to call my parents when he gets where he's going. Amazing. #siri #ipod4s
positive,"dammit, listening to siri is making me want to upgrade. well played @apple."
positive,"Create new folders from within your photo album in #iOS5, finally!! Thanks @Apple, that's been a thorn in my side for a while. #newfeature"
positive,@Blackberry & @Facebook U R really about to make me throw this @Blackberry in the trash an get an @Apple iPhone! @Facebook upload issues!
positive,#iOS5 update submitted to @apple! Thanks for all the support!
positive,"I'm amazed at how siri has changed the way I use my phone. I had no idea it would be this good, and it's still in beta. Good job @apple. Wow"
positive,Awesome service from the @apple store in pc. Thanks chris!
positive,RT @To1ne: .@apple thanks for fixing this... http://t.co/wTj1ogDO
positive,I am crazy about #iOS5 . The photo cropping is the best! @apple
positive,.@apple thanks for fixing this... http://t.co/wTj1ogDO
positive,RT @SawyerHartman: I FU*KING LOVE YOU @APPLE this phone is the best thing ever !! SIRI = BEST THING EVER MADE
positive,@apple has changed life.
positive,Mad props to the @apple employee that didn't charge me to replace the back plate on my iPhone! Made my day!
positive,The #iphone4s is  amazing. Siri's voice recognition is absolutely a step above previous attempts. Bravo @apple
positive,#iOs5 is nice and as it had to be ! Thanks @Apple
positive,Good support fm Kevin @apple #Bellevue store 4 biz customers TY!
positive,Wow I am loving this new @apple update for my touch. #coolness Well done
positive,@Apple: Siri is amazing!!! I'm in love!
positive,Love love love iOS 5!! @apple
negative,RT @cjwallace03: So apparently @apple put MB cap on your SMS with the new update. 25mb storage before it tells you your inbox is full. W ...
negative,"RT @Jewelz2611 @mashable @apple, iphones r 2 expensive. Most went w/ htc/galaxy. No customer loyalty w/phone comp.."
negative,"@mashable @apple, iphones r 2 expensive. Most went w/ htc/galaxy. No customer loyalty w/phone comp.."
negative,@apple why my tunes no go on my iPhone? iPhone lonely without them. silly #iOS5
negative,@apple needs to hurry up and release #iTunesMatch
negative,Why is  #Siri always down @apple
negative,I just need to exchange a cord at the apple store why do I have to wait for a genius? @apple
negative,"@apple AirDrop #fail - Immediate ""declined your request."" every time"
negative,good article about why @apple fucked it all up with lion and their future. http://t.co/zNDP9Vr6 #fb
negative,RT @radlerc: Yellowgate? Some iPhone 4S Users Complain of Yellow Tint to Screen http://t.co/uaqrxTNk @apple @iphone4s
negative,Yellowgate? Some iPhone 4S Users Complain of Yellow Tint to Screen http://t.co/uaqrxTNk @apple @iphone4s
negative,The one #iphone feature still missing since @apple first showed it.. Contacts pictures on the contacts list! Simple yet 5 major updates miss
negative,Asked siri is she dreams of electric sleep. Was disappointed that she didn't have a snippy answer.  Missed opportunity @apple
negative,"@paulens It surprises me that @Apple throws up an error alert about authorizing, and there's no ""Authorize this computer"" button."
negative,@Lisa_Marie1987 shhhh. the evil sith lords @apple may hear you ha!
negative,FUCK YOU @apple DIE IN A FUCKING BLAZE INFERNO.
negative,"Oh, @apple. Steve obviously had nothing to do with iPhoto, as it's the perfect opposite of 'insanely great'. Get it fixed, please."
negative,@ryanbaldwin @apple So in iTunes I go Store -&gt
negative,"Seriously - I have absolutely no offing clue what @Apple means by ""authorization"", nor how to do it."
negative,"Boy, could @apple make it any harder to put my purchased music from the cloud on to my new macbook pro? ""You must authorize this computer‚Ä¶"""
negative,"shit, shit, shit. IOS5 update ate all my apps, data and media just like @apple said it would. This is going to take some time to rebuild."
negative,. @apple & @AT&T u cannot tell me there isn't at least 1 64GB iPhone 4S in LA or Vegas!! Give me a fucking break!!!!
negative,Love @apple downloads. 4 hours and i-pad now wonky! #ripstevejobs #thenonsensepersists #neednewipadguide #fatfuckingchance
negative,Dear @apple My new Air is now a notbook since your update killed #wifi #bug #destroying #productivity
negative,"I am so done with @Att and @apple 's profitering and lack of customer service, so fucking down with both!!!"
negative,It would be great If @Apple would send my new phone. #frustrated
negative,@apple thank you for ruining my 3GS with #iOS5. You've just turned my phone into an utterly useless pile of shit.
negative,"@rogerweir no but I have the option of a  replacement iPhone 4s ?
Not sure if I want one after having 2 duff iPhones.
@O2 @iphone4s @apple"
negative,So apparently @apple put MB cap on your SMS with the new update. 25mb storage before it tells you your inbox is full. What is this 2001?
negative,"You know @apple It's been almost a week since I paid for iTunes Match, I would really like to use it. Any ETA on a fix?"
negative,removing all @apple shit.
negative,So @PhoenixSwinger 's iPhone 4 is giving her a hella hard time w/ the iOS5 update @apple
negative,What??? I that sucks hello @apple RT @PhoneDog_Aaron Interesting note - DROID RAZR's battery isn't removable.
negative,@Apple can't send me an iPhone preordered 1hr after launching but they cans send 5 or 10 to all the jackasses who want to shoot or blend 'em
negative,Gotta say the @Apple itouch iphone shuffle etc.. sound quality is AWFUL.. painfully crap. Its been a downgrade from @Sony sound quality wise
negative,"@bisquiat @Apple the upgrade just slows down my phone so much, it's stuck half the time. uch. thankfully no other damage. sucks for you :("
negative,@Mayati I think @Apple didn't do such a thorough job with the step x steps for upgrade and move to iCloud. Now it's cost me mightily.
negative,Hey @apple now I have iOS5 my iPhone doesn't include songs that are on compilation albums under the artist's name. #whaddupwitdat
negative,@NickTheFNicon He can send but not rcve txts so he has an apt @apple at 4pm.Then he exclaims: And I waited a whole YEAR for this phone!!LMAO
negative,Total chaos at @apple store regent street. Like an Ethiopian feeding station. Can't believe this is same co. that makes all that cool shit.
negative,"@FishMama: If you made a purchase, just wait for the @apple survey! hate going b/c of the bad #custserv"
negative,Correction: @ Best Buy kudos to Chris @ Alamo Ranch S.A. TX-fixed issues couldn't resolve after 1/2 day w/ @ATT & @Apple. Hero of my day!
negative,"@phxguy88 @Apple @BGR That's why all the ppl who stand in line for hrs to get the ""newest"" model are suckers..."
negative,Would it kill @apple to put a braille type bump on their earbuds so we know which bud is R and L in the dark.
negative,@APPLE Wow @MOTOROLA Just crushed your dreams....
negative,Time to play a game called wait at the @apple store forever because the tourists are taking forever with their genius appointments.
negative,"RT @phxguy88: Oh, just fuck you, @apple. Already?? ---&gt;  iPhone 5 on schedule for summer launch? http://t.co/Ofh9PTaG via @BGR"
negative,"Oh, just fuck you, @apple. Already?? ---&gt;  iPhone 5 on schedule for summer launch? http://t.co/Ofh9PTaG via @BGR"
negative,"@apple, 
No, I won't wait until thursday for an available appointment just so a 'genius' can tell me I'm shit out of luck. #now"
negative,"@Apple, on the #iPad with #iOS5, why has the Messages Icon been included when it can't be used?"
negative,@Steelo254 yea! I pre-order through @apple and they sorry too just like #AT&T
negative,Interesting... @apple now requires you to have a reservation ?         #apple #iphone #4S    :  http://t.co/zZK4fTii
negative,@apple why is my iPhone battery so crappy #fail
negative,My @Apple @macbook keyboard will not type :(
negative,"Why doesn't @apple iCloud sync Stickies? They've always been around, just nothing every progressed w/ them!! Why apple why?  @gruber"
negative,"@apple, your new ""Save a Version"" function in Pages is absolutely the most awful, interrupting, counter-intuitive piece of crap in the world"
negative,I hate my @apple computer.  Thats 3500 dollars down the drain.
negative,@apple my iPhone is charging very slowly!!!!!
negative,"@Apple #iOS5 gm on ipad1 is very slow wash better on beta7/8 solve this problem, or give me the ipad2"
negative,"@apple Wish I could pick month, day, and YEAR when setting a new calendar item on my iPhone. Why hasn't the new iOS fixed this yet?!"
negative,"@Apple iTunes is the worst program ever. For such a great phone, you make some awful software."
negative,One would think the voice recognition on the @apple tech support line would work a little better.
negative,"@apple $319 to repair my iPad 2, Apple you've lost me and my $700 a year, Android here I come!"
negative,"@azee1v1 @apple @umber Proper consolidation, proper syncing, stop losing my PURCHASED items, checkboxes that do what you think they will do."
negative,@AsimRang @apple @umber the desktop app is wack though
negative,I made a reservation and yet I still have to wait in line. Humpt! Oh @apple (@ Apple Store w/ 2 others) http://t.co/JZmVBdNm
negative,Frustrated that I bought a new macbook pro from @apple only to find it doesnt ship with media! #expensivepaperweight
negative,Dear @apple. I had to turn off all those awesome featured you just enabled. Data plan can't handle it. 200 mb of data just because #
negative,#DontBeMadAtMeBecause #Android is by far better than @Apple
negative,@apple is there a problem with iOS 5 that is preventing audio apps and audio functions from operating properly? I keep losing sound.
negative,@apple #apple One thing I hater about this #mouse the #buttery finish so fast am not #happy now #macworld @macworld http://t.co/5Uh4a4Vt
negative,Hey @Apple: stop sending your automatically-depreciate-all-iPhones-older-than-the-4s signal. My #iPhone4 is dying rapidly processor-wise.
negative,Only thing bad about the new @canon camera is that it has two compact flash cards... not one of SD. SD goes in my @apple computer. Damn you!
negative,Wtf @apple 64 pages for the new terms & conditions when u update ur apps from the iTunes store. Do u really think we'll read em? Really???
negative,fuck u @apple
negative,oh and prolly ganna be late to work bc @apple has screwed me and my phone has my only alarm on it
negative,why the fuck dose my phone decide its just ganna freeze every time i try to update it so fucking sick of @apple
negative,. if u need me just text me o wait u i wont get it cuz @apple fucks me every time #fuckingpissed
negative,Like @apple da fuck is this shit?  http://t.co/nb4DHlSg
negative,RT @CircusTK: I'm wit chu!! ‚Äú@ShayDiddy: Officially boycotting @ups!!! Calling @apple to curse them out next for using them wasting my t ...
negative,Damn it @Apple!! Whatchu done to my phone??
negative,"Samsung seeks iPhone 4S ban in Japan and Australia
Patent war intensifies with injunction sought against @Apple http://t.co/QmwjTvnk"
negative,"@apple, why is it every time there is iOS software update my iPad goes dead and I need to totally restore? #fail"
negative,@apple #iOS.5 has been nothing but a pain in the ass no room for my music.. Or photos.. Or apps! Can I undo this garbage??
negative,"@apple the reservation system not working, shows no products avail let alone iphone 4s I had the site open in 3 browsers at 9 PM and nothing"
negative,@albertmal88 remember @apple is evil. #icloud entering the #dropbox market
negative,I know a few others having same issue RT @Joelplane: 9% now on my second full charge of the day. Pissed @Apple
negative,9% now on my second full charge of the day. Pissed @Apple
negative,RT @ShayDiddy: @CircusTK @ups @apple both of them are bs!!! How do u tell me go between a certain time ONLY and the muh fuh is closed!
negative,I'm wit chu!! ‚Äú@ShayDiddy: Officially boycotting @ups!!! Calling @apple to curse them out next for using them wasting my time!‚Äù
negative,iTunes is @apple's worst product. Worse than the #Newton or the hockey puck mouse. It's utterly painful to use.
negative,"De√°r iCloud I HATE U , AND I HOPE YOU DIE , YOU ARE THE WORST FUCKING INVENTION IN THE WORLD , FUCK YOUUUUUUUUUUUU #iCloud @apple @stevejobs"
negative,i update to ios 5 and lose everything on my phone and it wont let me sign into my itunes account... thanks @Apple
negative,Issues with updating iTunes on my windows pc - they really are not compatible.... Sent more time talking to @Apple care than using it!!
negative,@apple u guys are gay
negative,"Restored my iPhone. STILL NO TEXTS. DEAR @APPLE Y NO LOVE, Y RESTRICTIONS ON MY SMS?  Y NO TEXTS.... #iOS5 #iOS5atemydingo"
negative,none of my apps work after the new ios from @apple. what do i do?!?
negative,"Seemingly endless loop of calls to @apple, @ups, @verizonwireless to investigate my missing #iphone4s. #crankywithnophone"
negative,@Wisconsin_Mommy @apple that's terrible!  I hope you get an apology!
negative,@zombiebomber have been on the phone with @verizonwireless and @apple pretty much ever since then. Really annoyed.
negative,"@chascouponmom @apple I get they are busy w/ the new phone, but I just wanted to buy a stylus. they made me wait forever outside & never"
negative,"@apple @iphone Please deliver my daughter's i4s, she is driving me nuts #iphone"
negative,"@sprint @bestbuy still no word on my iPhone4s preorder.  Best Buy blames Sprint, Sprint blames @apple, I just want an honest answer.  #help"
negative,"Hey @apple, the SMS full message is complete shit. Yes, I'm annoyed."
negative,Have never had such poor customer service at @Apple before! What happened? (@ Apple Store w/ 2 others) http://t.co/GKlXMUi6
negative,"@Apple your service experience is really fucking slipping (except for cute, eyelash batting girlies). (@ Apple Store) http://t.co/dOHDEnMg"
negative,Had ma Ipas not 24 hours an I jailbroke it...now its SHAGGED itunes won't letme restore it @apple SYM!!!!
negative,@hailfire101 @Irvysan They are... then @apple happened and snatched Siri so they could be douchebags and say 'it's ours!'
negative,What was @apple thinking making #Siri totally dependent on a network connection? Siri + @ATT = utter frustration.
negative,Wow the Genius Bar Reservation Line @Apple is ridic right now - ___- I am not amused. #ugh
negative,"Where is my iPhone!?!?!?!
@apple"
negative,@apple battery life suck on iOS 5
negative,An apple update has seemed to render my work machine incapable of opening HDV video. Thanks @Apple. Zero useful productivity today.
negative,@apple I committed to your cloud storage iDisk and now it's raining :-( so soon no more iDisk.  Any plans for a new service for storage?
negative,"Hey @apple why can't I share a reminder list from my iPhone?
Also why can't I login to the iCloud webpage to modify sharing from my phone?"
negative,Apparently fuzzball crashes on #iOS5. Congratulations @apple on another incompatible upgrade
negative,could @apple lion please integrate vertical spaces in mission control. this horizontal business is making me nauseous
negative,Can someone plz explain to me whhyy @apple is only distributing 2-3 phones per day to the sprint stores. I'm really ... http://t.co/uf9taK8f
negative,"GAH. @apple iOS 5 opens text messages painfully slow, on top of 3 restore attempts 2 succeed. Early adopterness gets better of me."
negative,Dear @apple: Why did all my PDFs and ePub files disappear from ibooks in my iPhone post ios5 upgrade? This hurts. #3GS #needsomethingtoread
negative,‚Äú@CBM: Lies @apple. the battery on this new iPhone4S is definitely not any better.‚Äù &lt
negative,As a huge podcast fan - I really feel like @Apple dropped the ball on this one. http://t.co/wvzPrbCI via @Carrypad
negative,I don't really like Siri's voice. Perhaps @apple can get Star Wars voices just like @garmin http://t.co/pSUJg9pN
negative,"‚Äú@carlton858: I really hate dealing with the brain dead people at the @apple store. For such good products, customer service sucks.‚Äù in NZ?"
negative,"I really hate dealing with the brain dead people at the @apple store. For such good products, customer service sucks."
negative,"You can make photo albums in the Photos app with iOS 5, but can't password protect them? Um... @apple, fix that. Quickly."
negative,Anyone else seeing missing signal bars on their #iPhone 3GS with an upgrade to #iOS5? cc/ @applecanada @apple @forstall
negative,RT @CBM: Lies @apple. the battery on this new iPhone4S is definitely not any better.
negative,"Updating to IOS5 with my regular iphone4 just made it slower and messed up.. @apple give me a free 4S and we can call it even, thanks"
negative,"@apple If you want to know what customers think dont send updates with the ""noreply"" return address. Who invented that anyway. #useless"
negative,"Every time I try the voice control on my iPod Touch to send an iMessage, it starts playing ""Who Knew"" by Pink.  Still not Flawless @Apple"
negative,should be studying/ doing work but no I'm hold with @apple HURRY THE FUCK UP! #nopatience
negative,Ok Hindi keyboard in #iOS5 is something to cheer about.  But @apple  what about  support for 20+ missing Indian languages!? #FAIL
negative,"RT @ScottDugas: Warning: if iphone apps spontaneously loose data, it might not be the app's fault - http://t.co/1SEsvWwm #ios5downgrade  ..."
negative,@betweensundays Ah! Yeah...should be an option...hopefully @apple figures that out. Thx
negative,"""Waiting for items to copy"" in Itunes after everything DID copy goes on, and on, and on.  Come on @Apple, what the hell?"
negative,@Apple unhappy again with service/product quality. Won't buy @Apple again.
negative,Lies @apple. the battery on this new iPhone4S is definitely not any better.
negative,"‚Äú@philipgrey: dear @apple, why you gotta go change the way &lt;input type=""number""&gt; is handled out of the blue?‚Äù"
negative,"Been on hold with @apple customer service for 25 minutes. Wow, lt's like they're #timewarnercable."
negative,anyone else stuck in duped calendar/mail/battery sucking @apple hell? #iCloud and #OSX Lion are a disappointment
negative,For being the inventor of the computer mouse ‚Äî Why is it that @Apple has never made one that is not a complete piece of fucking shit?!!?
negative,"@Apple you're killing me. Excited about iOS5 no longer- tragic battery drain, genius bar wants to replace the battery. Really?"
negative,1st impressions  of #iOS5- Disappointed w upgrade restore. Lot of apps & folders missing @apple do  how much time went in2 orging it? #fail
negative,@PrJusto Don't question the @Apple they will remember your dissent!
negative,"@apple: Multiple times siri is ""having trouble connecting to the network.""  Siri needs servers (and some exercise!)"
negative,RT @JimMcNiel: if @apple does not resolve the #Siri network issues they will need to rename a great product to Sorri - Who else is havin ...
negative,"dear @apple, why you gotta go change the way &lt;input type=""number""&gt; is handled out of the blue?"
negative,Ugh. WTF is up with all the bottlenecks @paypal @apple?
negative,+1  RT @Doug_Newton: @apple PLEASE FIX #Siri!!!! She can't connect to your network!!!!!!!
negative,@apple PLEASE FIX #Siri!!!! She can't connect to your network!!!!!!!
negative,if @apple does not resolve the #Siri network issues they will need to rename a great product to Sorri - Who else is having issues?
negative,any chance @apple will release good headphones that dont blast music outside the ears? #iphone #ipod its quite obnoxious
negative,"@Apple - #Siri is not working due to ""network problem""? Seriously? Can you fix this? #iPhone4s #Fail"
negative,"@trisha_ps @iCloud is Cloudy. @apple tech, not very techy."
negative,"@electricsoup It has to connect to @Apple to process commands, which it is failing to do right now"
negative,"See @Apple, that what's happen when you release iPhone 4S with same crappy design as the old phone!"
negative,This. RT @bonkoif Looks like @Apple did not appropriately project the resources needed for Siri. Not very reliable
negative,Looks like @Apple did not appropriately project the resources needed for Siri. Not very reliable
negative,"Spoke to an @Apple rep on phone & could hear her tv blaring in the bg.  She said, ""I can't actually help u, just direct u back to the web"""
negative,What's wrong with Siri today @apple
negative,@Apple Siri is down!
negative,on hold for another half hour. phone is ringing but no one is picking up.@apple you stink.
negative,"Ok this @Apple software update for the #iphone is taking waaaaay too long!
#annoyed"
negative,@Apple would do better to inform customers properly about migrating to #iCloud - many complaints lead to #image damage http://t.co/QL7zmPpO
negative,@apple does iOS 5 rape your battery life? or am I just using my phone a lot since getting it
negative,"@jane73 @Gazmaz hopefully it's a small bug @Apple must be fixing it. RIGHT  APPLE }:0( 
#itjustworks"
negative,"@samsung, @apple, you do realise you're just really pissing off the customer base AS WELL AS looking petty."
negative,@Apple - why do I have to have apps I am updating in their original 'folder' location? That was painful.
negative,@apple domain fail. Open 2 hrs late for walk in ppl. Store was empty and i only need a skin 4 my screen. You represent customer service FAIL
negative,@BrianMincey @apple the chipsets tear through battery life. Coworker has a htc thunderbolt that he gets about 3 hours of life.
negative,I wish the Apple updater would stop trying to ram iTunes down my throat. I don't own a pissing iPhone @apple
negative,Is it me or does my #iPhone run slower since the #iOS 5 update? @apple @Verizon
negative,Just searching with my voice on my 2 year old nexus one @apple.
negative,"@apple, your update server has been timing out for a week. i had to force a restore w/the new #iOS5 software. lost all my stuff. thanks!"
negative,"Thanks to a 90 minute wait on hold, half an hour actually talking to someone, the @Apple tech decides to send me an email to fix my phone"
negative,I am very upset about and inconvenienced by this iphone update failed backup. @iphone @apple
negative,but seriously @apple finance me a damn phone you greedy bastards! OR Santa...get your jolly ass in gear and get us a 4S - white plz
negative,My schedule is 2 busy 2 spend UNquality time with @ATT @Apple 2 recover Iphone again-The mo' mobile I get the mo' immobile I is. Sync Not!
negative,"Pondering the iOS update... From the sounds of @MikeFerri's difficulties, I may just hold off :/ @Apple, FIX IT!"
negative,@twalve @apple you know the issues they have with DST and alarms :p
negative,Why book @Apple Genius Bar if after 2.5 hours you still can't be served. Disappointing Apple Store Sydney. #thanksfornothing
negative,Apparently @Apple genius training doesn't extend to clocks & service. They're half an hour late for my appointment and couldn't let me know?
negative,"screw you @apple iOS 5. I can't download this crap, and I'm tired of trying. Get this problem figured out about my connection timing out"
negative,Wow. iCloud's mail is down. 1st the iOS 5 upgrade issues and now this. I really hope this isn't @apple without Steve Jobs.
negative,@apple  why don't you guys test your upgrades before you put them out. 15 1/2 hrs u guys wasted of my time yesterday. Thanks.
negative,what is going on with all my @Apple products?! First my #iPad freezes (still is frozen) and then my #iPhone won't turn on!!! #techieTroubles
negative,"#iPad in perpetual restore loop after trying to upgrade to #iOS5 :(
@apple sux without steve"
negative,2nd @apple genius apptment running late 2nd day in row for 2nd dodgy iPod . You make mega $$$ hire some staff.
negative,It took @apple about 7 years just to figure out how to properly syncronize an iPhone.  WOW!  #ios5
negative,@apple So I went to the 5th Ave store and was told I could wait about 4 hours to get a 4S. Needless to say I'm back at the hotel relaxing.
negative,Terrible customer service at Los Gatos @Apple! Why do I have to pay $199 for a bad home button on my iPhone?!?
negative,@Apple thank you for sucking so much. I cannot believe you would sell something online that isn't made
negative,Having major battery drain issue since updating iPhone 4 to iOS 5.  Anyone else? @AppStore @iPhone @apple
negative,Dear @apple please send me my Mac Book back surely the repair is done by now... Thanks!
negative,"@Apple, #iOS5 on iPhone2 causes Camera apperature dilation problems & freeze."
negative,"@Apple, #iOS5 #geolocation Suburbs with 2 words drops Map Pins in other States! Please fix."
negative,Iphone 4s siri doesn't work for shit @apple
negative,"Clarence Thomas must have designed the new OSX lion, tossing decades of workflow standards, @apple bring back ‚Äúsave as‚Äù! #autoSaveSucks"
negative,i officially HATE @apple... fix your damn itunes.
negative,"@semilshah yeah except that when you ask for a receipt, it takes them 30 minutes to figure out where it printed out. Fix that, @Apple!"
negative,"RT @JDougyJ: hey @apple do you wanna fix my fucking playlist order, you piece of shit"
negative,Bummer!  My @Yahoo! iPad fantasy football app keeps crashing
negative,@Apple can suck my dick gotta restore my ipad #annoyed
negative,"@nansen Man, that sux! @apple io5 upgrade a total #fail for you!"
negative,"Dear @Apple Contacts, you are terrible. I just cleaned duplicates for 3 hours and they magically reappeared. Fix it."
negative,"Is it too much to ask which app is incompatible, @apple? http://t.co/yKqip7nk"
negative,Pissed with whoever designs keyboards with @apple for not having a home and end key.  working on the CLI i use those keys often
negative,@NoVaTyler @apple Most of mine are gone too! Not recovered after I saved them b4 I upgraded my iPhone! Soooo pissed!
negative,"hey @apple do you wanna fix my fucking playlist order, you piece of shit"
negative,Siri is having a hard time remembering who my sister is. contact card needs space for family info. #iPhone4S @apple
negative,"#ios5 getting sloppy @apple. U need to check your QA team. Too many issues with apps, data and syncing"
negative,RT @nansen: so this SMS full message is known @apple issue with new iOS5 update. trying restore. When all else #fail - restore.
negative,So glad that I paid $69 for this @apple care protection plan.  Been on hold for over 20 minutes now.  Great customer service. #NOT
negative,not happy with @apple right now. the upgrade to my itouch4 took out my itouch and laptop. #help
negative,All I can say about @Apple right now is #GoodRiddance ‚Äî See? Cancer isn't ALL BAD!
negative,@twitter can you look at problem on iPad where it won't open @ messages. It just crashes the app. You too @apple maybe your fault.
negative,@apple What's the point of iCloud wireless updates when ios5 now forces me to use the computer to charge my ipod touch now? #worstupdateever
negative,"I hate you @apple for not sending Toledo,oh @bestbuy any @iPhone for @verizon even after I pre ordered!!!"
negative,"@pmphillips @apple If my non-Apple equipment broke this often, I guess I'd need an Asus genius bar. But it doesn't, so I don't :-)"
negative,Why is the new @apple iPhone OS duplicating all my iCal events? There's 2 of everything. How do I fix it? (tried turning iCloud off)
negative,"Dear @Apple, how convenient/handy/thoughtful/smart that after iPhone #ios5 update you're apps won't work anymore! (none!!!) :( #gr%\mbl^.%)"
negative,Hey @Apple...I know Steve Jobs died & all but my Twitter for iPad app keeps crashing...Fix it...NOW..please..lol -F.Light
negative,@apple not happy with Apple today. I did the suggested software update and now nothing works!!!
negative,Smashed yet another #iPhone screen. When are @apple gonna make the phone more durable!!! Tired of fixing it myself!!!
negative,I sure as hell better be able to restore my calendar events. Terrible bug apple! @apple #icloud #anothericloudfail
negative,I really hate that @apple won't let you hide the Newsstand app or move it into a folder. It serves no purpose for me.
negative,Life was much easier when @apple and @BlackBerry were just fruits!
negative,@apple No location reminders on ipad2! That was the point of updating to iOS 5
negative,"Comparing @Office #live with @google #apps and @apple #iCloud , I do not see #iCloud leading the crowd. Do you agree ?"
negative,"RT @MikeFerri: If @apple doesn't fix iOS5 this week, I'm buying a droid #emptythreats"
negative,"Turns out my computer isn't as fixed as it is meant to be. Fuck you @Apple, I'm going back to your Genius Bar to complain. #annoyed"
negative,"If @apple doesn't fix iOS5 this week, I'm buying a droid #emptythreats"
negative,@apple pls launch #Siri on iphone4 .. Disappointed after spending hours for upgrading to iOS5..
negative,@apple you can suck it you and your fucking iPhones better be glad it's all I like cause the service Is fucking terrible
negative,"This is the first time I've been unhappy with any @apple product... Disappointed, and the Internet seems as confused as I am right now."
negative,"After a week or so with @Apple's #iOS5 I'm considering going back to #jailbroken 4.2 - same features as 5, plus more. Not as stable, though."
negative,Had issues with #Siri reaching network today. Too many uses or my signal? @apple
negative,The new iOS5 completely failed at upgrading the phone. Now I'm stuck in this restore loop. Thanks @apple for wasting my day. Can i undo?
negative,Is it me or does #iPhone4s run a little warm sometimes? @apple
negative,"@apple WTF why can we not add the newsstand to a folder?! We are already in your walled garden, so please don't remind us of it."
negative,@apple just now seeing none of my Microsoft Office programs work anymore after Lion upgrade. Why??
negative,"Dear @Apple, I don't want the newsstand icon on my screen. #notcool"
negative,@Blackberry does take better quality photos than @Apple iPhone though. I give them that! #photograhersEye
negative,Ok @iTunesMusic idk wth is up but after syncing my phone my album art is out of order! WTF @Apple!
negative,@apple I'm still waiting for you to deliver my phone to @sprint
negative,I will never purchase another @Apple product for the rest of my life. I am glad Steve Jobs is fucking dead. MAY YOU FUCKING ROT IN HELL!!!!!
negative,Thanks to @Apple my new iMac is a brick. I cannot re-install Lion and I cannot purchase it because it was installed by the former owner.
negative,"Asked #Siri ""Where's Baby Lisa?"" and was told ""sorry, I'm having trouble connecting to the network right now."" @apple server fail. #ios5"
negative,Only thing #iOS.5 has done is deleted my tiger woods game and made impossible to retrieve. Thanks @Apple!
negative,"yo, @apple, this update is a disaster"
negative,"Dear @Apple,Congratulations, I am suing my insurance company and you just managed to make it to the top of my shit list. #Ineedthosepictures"
negative,Dear @Apple: You must let me turn off iCloud to save bandwidth and NOT delete EVERY document on my iPad. That's BULLSHIT!
negative,"RT @JoelBurns: Dear @Apple, it's me again. Thank for beautiful new iOS features. But I miss some of the old ones. Lk making calls & texts
&gt;("
negative,Never purchasing another item from @apple.
negative,"RT @leiboaz: Wow, worst @apple customer service experience ever. Arrogant and inept. Bad combo, Biltmore Apple store."
negative,"Wow, worst @apple customer service experience ever. Arrogant and inept. Bad combo, Biltmore Apple store."
negative,"Hey guys at @Apple, WTF is happening to #iPhone4, with #iOS5 suddenly fade to black and begin to vibrate continuously, I had to reboot it"
negative,@hbogo @apple - why don't you play nice and let me use HDMI from iPad?  Pretty lame.
negative,"Warning: if iphone apps spontaneously loose data, it might not be the app's fault - http://t.co/1SEsvWwm #ios5downgrade @apple @marcoarment"
negative,"‚Ä¶and only the first 23 images in my Photo Roll made it over? Seriously, @apple, how did you fuck this up so much?"
negative,@apple why does #iPhone4 plus #iOS5 equal half the battery life?
negative,@apple why isn't my iTunes updating? I just wanna update my iPhone to IOS5!!! Then iTunes says that it needs to update to do it. Then fails!
negative,Now @apple won't let me use credit on @iTunes unless I have a credit card. Should have told me when I redeemed the cards. Sound fair to you?
negative,"@amandbrar @apple Siri has worked for me less than 10% of the time. If service doesn't improve by Monday, I'm returning my iPhone 4S."
negative,"@azrael: RT @DavideGori: And again #MobileMe is down. Issues when syncing, accessing mail... is this a good premise for #iCloud? @Apple, ..."
negative,need @apple help!! installing new ios on #iphone4 and am stuck on the Find My iPhone screen :( i keep clicking next but it doesn't work
negative,"Bummer that @Apple #iCloud syncs on Windows only w/ Outlook (not Thunderbird) & IE (not Firefox, Chrome). #sadmac"
negative,"Disappointing visual merchandising, @apple. Simple, but lacks elegance. And sequence doesn't even tell us about #Siri. http://t.co/XV2q3gfi"
negative,has been on terminal hold with @apple support!  She must not be the only person having trouble with the new iphone and synching!
negative,@apple thanks apple for ios 5 and losing all my contacts!
negative,@apple give me my apps back!!!
negative,"@Apple #iOS5 NONSTOP DROPPED CALLS&MUTE BUTTON RANDOMLY ACTIVATING&PERSON CANT HEAR ME, PULL PHONE FROM EAR TO BE ON A ""MOBILE ME"" SCREEN"
negative,"RT @tomcolontonio: Didn't it occur to @apple #apple that ppl share iTunes accounts amongst family's ?????
Wtf!!!!"
negative,@tomcolontonio @apple #EPICFAIL
negative,90 minutes after being at 100% my iPhone 4 (post #ios5 upgrade) has lost 40% of its charge and the @apple store folks are out of ideas.
negative,"So ""cutting the cord"" makes podcasts even harder to manage?!? No subscriptions! WTH, @Apple? http://t.co/LD2i871x #iOS5 (via @carrypad)"
negative,In less than an hour my post- #iOS5 iPhone has gone from 100% to 73% battery charge and the @apple store folks have no solution for me :(
negative,Well @apple seems 2b screwing #iphone 4s resellars. They still dont have 4s. Yet were promised. Similar 2 Ma Bell's monopolistic prctices?
negative,"Also @EricGreenspan, don't forget @Apple stop closing the app store after each bloody purchase..."
negative,@apple cu
negative,*sigh* @apple store seems stumped what to do about my catastrophically bad battery life after upgrading to #ios5
negative,Hmmmm a lot of #Siri features don't work in Canada. Location and directions? Seriously @apple come on!
negative,"@apple, #siri can't connect to the network -- it's LESS useful that VoiceControl now... :("
negative,@apple took my Siri and made it exclusive to iPhone 4S  #SoRude
negative,total time on the phone with @apple: 1 hour 27 minutes. let's see how this goes.
negative,"Waited in line for nothing, fucking genius @Apple called an app for ""John"" not ""jean"" stop fucking up my name im not a French boy. #PCam ..."
negative,It's been 24hrs since I reported @ups theft of my iPhone and @apple has done nothing. No return call as promised. Nothing.
negative,"This does not bode well. After charging all night, my @Apple iPhone 4S has 25% battery after only 3hr off charger with no calls & light use"
negative,Houston we have a problem!! My iPad has been restoring for 12+ hours after installing @apple IOS5. This can't be right....
negative,#Siri went down for a little while last night. Come on @apple! Get your shit together on this launch!
negative,"@ford should have teamed up with @Apple instead of @microsoft to make this SYNC system in my new focus. 
Car is sweet SYNC is #EpicFail"
negative,DAMN YOU !!! @apple
positive,RT @spacecanard Today's the Day. ICS &lt
positive,"The new Nexus looks good! UI feel a bit confusing but I guess Android users are ok with that! Now, try it :) #Google #android #nexusprime"
positive,Very nice trivia game by #Google. Helps you use their search better http://t.co/ikN087ZE
positive,Very nice trivia game by #Google. Helps you use their search better http://t.co/c5Tu3dZK #fb
positive,Cant build a website. Get a #Google website #Free ! http://t.co/7qUy4uOU
positive,#Android ICS is looking pretty good. Not quite sure if its worth the 4.0 numbering leap. #google
positive,@Tita_Ramos #Google it =)
positive,RT @p1j Android 4.0 Ice Cream Sandwich is Here with a Google Nexus in new Avtar!   http://t.co/MTu7tGx7   #android #google #nexus #BigMAMA
positive,"Me too RT @MohamedG: Exciting day, It's Ice cream Sandwich day ;) #Google #Android"
positive,WOW the new #Google #Nexus is just beautiful. totally gonna boost google's market share in the smart phone market.
positive,"hahaha integrated data usage manager... in sucha brilliant way, sleek design, superb and I'm only watching videos LOL #Google"
positive,I fancy an Ice Cream Sandwich #google #android. Wonder it will works on my HTC Desire?
positive,"Google Ice Cream Sandwich - sounds yummy!  What do you think? http://t.co/gMsgXcq8
#google #Android #ice cream sandwich"
positive,#Google Me!!!!!!!!
positive,"Exciting day, It's Ice cream Sandwich day ;) #Google #Android"
positive,Android 4.0 Ice Cream Sandwich is Here with a Google Nexus in new Avtar!   http://t.co/mSWX6Eo6   #android #google #nexus #BigMAMA
positive,@Bla1ze I was referring to #Google & #Icecreamsandwich. It looks amazing. What imo android was missing. I ... http://t.co/rE4nLZgI
positive,http://t.co/QV4m1Un9 Forget the phone.. Nice UI. Liking the Scroll Feature #android #google #nexus
positive,#Google has finally unveiled the much awaited #Android OS Ice Cream Sandwich & it sure looks good! http://t.co/sNL38EM1
positive,#google Finally!! All searches for logged in users will be on https! http://t.co/RaUeRrtF
positive,#RIM should really take an in debt look at #Google's strategy... They released the #NDK for #Icecreamsandwich 3 HOURS after release. #ics
positive,RT @vattam: Man! I've fallen in love with Galaxy Nexus! #google #samsung #galaxynexus #android
positive,When in doubt... #Google it!!!
positive,[GReader Share] Five Reasons Why Google is Winning the War in Photosharing  http://t.co/coQCLb9R - #photography #fotografia #google+
positive,"RT @Assim99: Dear #Google, I want the Galaxy Nexus NOW. Please send it to me by email or something - I know you have the technology"
positive,RT @shagorikah: Telegraph reports that the biggest threat to #facebook is its power users have shifted to #twitter or #google+ http://t. ...
positive,Sorry #Apple #Google and #Samsung just made you look bad. #Android is king
positive,Telegraph reports that the biggest threat to #facebook is its power users have shifted to #twitter or #google+ http://t.co/JHdTYKCV
positive,#Facebook power users 'have gone to #Google+ and #Twitter' - Telegraph http://t.co/vwCiOv1f Who are they? #socialmedia
positive,"Not impressed much with the new Android update. But good signs: a readable font, emphasis on design, and less nerdiness. #google"
positive,"Video: #Google wallet, see the wow effect http://t.co/mcW78VtG"
positive,When I'm about to tweet something and I cant remember how to spell I go straight to #Google
positive,"Dear #Google, I want the Galaxy Nexus NOW. Please send it to me by email or something - I know you have the technology"
positive,#GOOGLE #ANDROID 4.0 out 
positive,"Maybe not the most efficient way to browse, but fun: #Google releases an Infinite Digital Bookcase http://t.co/X1qzeX7f by @MeghanKel"
positive,@jowyang it's difficult to pass up #google+ considering the social seo benefits of google+ vs facebook
positive,Ice Cream Sandwich to stop carriers bullying smartphone users #google #android http://t.co/BZNy74Nn
positive,"I agree with @wellis68 that the ""Hangouts"" on #Google+ are friggin' awesome!‚Äù"
positive,#google #galaxynexus #icecream great
positive,Google Earth Helps Locate Salmonella Hotspots http://t.co/mcz9RSDf #google
positive,#samsung galaxy nexus = orbital laser. #apple iphone 4s = wooden stick #google
positive,Ice Cream Sandwich u r really delicious Can ditch iPhone for u that's for sure. #Google launches #Android4 aka #IceCreamSandwich :)
positive,#google+ (: lovin it
positive,"""Samsung and Google have closely collaborated to push the mobile experience forward. We are pleased to ... http://t.co/ecT8fYIA #Google+"
positive,RT @RoycinD: FINALLY ! Power + Volume = Screenshot. No more rooting required! #Google #ICS #galaxynexus
positive,#Google #Nexus press conference http://t.co/2WV01o5v #slick
positive,S/O to #google for getting me through high school and college....you are appreciated
positive,iScream u scream v all scream #android #IceCreamSandwich. A job well done by #google and a major game changer in the #mobile #OS space
positive,"@immad_immad #google, always thinking ahead"
positive,@VentureBeat I like the #google virtual bookcase thank you for sharing
positive,"#Google's #IceCreamSandwich was revealed. I'm getting an #Android whenever I get a new phone, but I'm keeping my #iPhone for now."
positive,"#Android #Google Ice Cream Sandwich Feature Closer Look - Roboto Type Face Is ""A Pleasure"" To Read http://t.co/DJsp2G5B #DhilipSiva"
positive,Fantastic work from #Samsung and #Google on the #GalaxyNexus superphone and the new #Android #ICS. Very impressive.
positive,I just add my profile on the #Google+ WebGL Globe project. Add yours ! http://t.co/lpuc3xot v√≠a @AddThis
positive,... I think I should work for #MelaleucaTheWellnessCompany ... Probably the best company to work for .. oh and #Google
positive,i love #google
positive,#Google is the best invention ever!!
